{"avg_scores": [0.0, 0.0, 0.0, 0.0, 0.012449779276821586, 0.012420859310811464, 0.024773472141893193], "high_scores": [0, 0, 0, 0, 1, 1, 1], "fitness_values": [-3.463156314129821, -2.114005012531328, -1.7708694338101938, -1.4923657971598245, -0.8145379693467588, -1.6531245469044544, -2.0384422594948943]}